{
    "header": {
        "stamp": {
            "sec": 1778228710,
            "nanosec": 349775791
        },
        "frame_id": "map"
    },
    "pose": {
        "pose": {
            "position": {
                "x": -2.6386388781484174,
                "y": -4.010360904986179,
                "z": 0
            },
            "orientation": {
                "x": 0,
                "y": 0,
                "z": -0.580370827738727,
                "w": 0.8143523207493579
            }
        },
        "covariance": [
            0.002896774208477994,
            -0.0001948967882309501,
            0,
            0,
            0,
            0,
            -0.0001948967882309501,
            0.0036533073114640435,
            0,
            0,
            0,
            0,
            0,
            0,
            0,
            0,
            0,
            0,
            0,
            0,
            0,
            0,
            0,
            0,
            0,
            0,
            0,
            0,
            0,
            0,
            0,
            0,
            0,
            0,
            0,
            0.0002264415421400851
        ]
    }
}